{
  "doc_count": 30,
  "vocab_size": 856,
  "avg_doc_length": 78.73333333333333,
  "doc_lengths": {
    "wiki_vi_002": 121,
    "wiki_vi_003": 267,
    "wiki_vi_005": 146,
    "wiki_vi_006": 148,
    "wiki_vi_007": 363,
    "wiki_vi_008": 85,
    "wiki_vi_009": 78,
    "wiki_vi_010": 84,
    "wiki_vi_013": 113,
    "devto_001": 59,
    "devto_002": 48,
    "devto_003": 61,
    "devto_004": 45,
    "devto_005": 31,
    "devto_006": 42,
    "devto_007": 48,
    "devto_008": 42,
    "devto_009": 37,
    "devto_010": 51,
    "devto_011": 37,
    "devto_012": 45,
    "devto_013": 50,
    "devto_014": 46,
    "devto_015": 47,
    "devto_016": 49,
    "devto_017": 48,
    "devto_018": 45,
    "devto_019": 46,
    "devto_020": 48,
    "devto_021": 32
  },
  "field_avg_lengths": {
    "title": 9.633333333333333,
    "tags": 3.433333333333333,
    "summary": 18.333333333333332,
    "content": 47.333333333333336
  }
}